id,name,latitude,longitude,population
610176,SHOOP,41.690919,-87.658669,414
400180,KIPP - ONE,41.893805,-87.726615,1028
610009,GALILEO,41.871255,-87.653366,531
610145,REINBERG,41.943019,-87.768983,774
400119,LEGAL PREP HS,41.881733,-87.733778,217
400176,EXCEL SOUTHWEST HS,41.765929,-87.69073,151
609828,BURR,41.912358,-87.668661,447
609807,HAMPTON,41.753457,-87.708731,436
609805,JOPLIN,41.749339,-87.669366,271
609910,FALCONER,41.935785,-87.749331,842
610325,AVONDALE-LOGANDALE,41.93397,-87.708041,490
610284,NEW FIELD,42.007703,-87.673168,568
610182,SOLOMON,41.993942,-87.724043,339
609974,HAWTHORNE,41.942275,-87.657709,619
610586,SADLOWSKI,41.704859,-87.527985,655
610263,DULLES,41.7799,-87.617214,662
610111,PALMER,41.973289,-87.739213,751
610521,DAVIS M,41.771221,-87.66653,150
610024,CARDENAS,41.848488,-87.716017,763
400023,CICS - AVALON/SOUTH SHORE,41.743179,-87.587928,438
609904,ELLINGTON,41.88553,-87.766589,491
610093,NEIL,41.738407,-87.620933,249
609818,BURBANK,41.917598,-87.7827,699
609920,KANOON,41.850771,-87.705112,367
609938,GARY,41.837065,-87.718697,713
609693,WESTINGHOUSE HS,41.889977,-87.707332,1230
610115,PARK MANOR,41.766477,-87.611546,251
610135,PORTAGE PARK,41.956988,-87.761007,885
609709,GAGE PARK HS,41.791013,-87.688954,347
610123,PENN,41.858372,-87.722386,220
610558,GOODE HS,41.75375,-87.707345,953
609837,CARNEGIE,41.783368,-87.590795,403
400173,PATHWAYS - BRIGHTON PARK HS,41.808226,-87.702645,405
609929,FULTON,41.79758,-87.668436,327
610174,SHIELDS,41.815909,-87.689647,481
610057,FAIRFIELD,41.780904,-87.692115,470
609744,NORTHSIDE LEARNING HS,41.982973,-87.722386,275
400051,NOBLE - NOBLE HS,41.900191,-87.662628,670
610088,MOZART,41.92091,-87.721888,482
610101,OGDEN ES,41.899976,-87.629297,895
610043,LOVETT,41.912718,-87.783919,336
610105,ORIOLE PARK,41.978501,-87.812054,586
610221,WEBSTER,41.869916,-87.727524,206
610097,NIXON,41.919581,-87.73142,644
610192,STOWE,41.911938,-87.713318,507
609782,AUDUBON,41.945062,-87.681041,603
400085,ACERO - GARCIA HS,41.809171,-87.730467,627
610245,DOUGLASS HS,41.890369,-87.767668,35
609698,BOGAN HS,41.749376,-87.721097,570
400145,YCCS - YOUTH CONNECTION,41.832072,-87.626781,99
610180,SMYTH,41.865351,-87.653445,369
610364,DUBOIS,41.653733,-87.61432,187
609952,GREENE,41.829669,-87.671492,310
609927,FOSTER PARK,41.738425,-87.668099,341
610593,OMBUDSMAN - ROSELAND HS,41.695105,-87.642816,132
610063,MCCORMICK,41.842267,-87.7063,429
610095,NEWBERRY,41.913947,-87.64599,330
610281,POWELL,41.760332,-87.556789,535
609804,MOSAIC,42.003412,-87.697463,715
609751,KING HS,41.813675,-87.603874,702
609791,BASS,41.774246,-87.653532,289
400150,YCCS - CHATHAM,41.730131,-87.60698,82
610078,INTER-AMERICAN,41.949003,-87.651573,640
610179,SMYSER,41.958868,-87.781975,753
610572,SAFE ACHIEVE ES,41.753117,-87.550513,2
610587,DYETT ARTS HS,41.801204,-87.612239,492
400096,ROWE,41.907797,-87.664072,706
609933,GALE,42.021091,-87.671939,303
610530,SOUTH SHORE ES,41.767755,-87.590396,238
610238,BOND,41.765361,-87.653018,259
610127,PETERSON,41.981557,-87.712583,898
610084,KELLER,41.69717,-87.697278,220
610268,ASHE,41.740184,-87.601174,357
609951,ARIEL,41.811173,-87.597503,353
610316,EARHART,41.726107,-87.582182,201
610345,WOODSON,41.814499,-87.608419,290
610129,PICKARD,41.8529,-87.683291,294
400143,YCCS - WEST TOWN,41.890803,-87.702053,75
610163,STOCK,42.016892,-87.814195,212
610185,STEVENSON,41.747107,-87.731666,1157
609994,HIBBARD,41.970335,-87.710362,913
400129,YCCS - PROGRESSIVE LEADERSHIP,41.773962,-87.61574,98
609854,CHOPIN,41.896713,-87.688937,301
609797,BEIDLER,41.885321,-87.705855,257
610006,HURLEY,41.766785,-87.719541,703
400098,NOBLE - MUCHIN HS,41.88274,-87.626338,961
610390,RICKOVER MILITARY HS,41.957599,-87.769938,506
610298,LENART,41.747186,-87.62804,295
610246,BEASLEY,41.798465,-87.625692,1013
610170,COLUMBIA EXPLORERS,41.811069,-87.704199,722
400083,ACERO - PAZ,41.850035,-87.692551,128
609958,GUNSAULUS,41.813007,-87.699364,668
610038,LINCOLN,41.924525,-87.644497,846
610319,EVERGREEN,41.829356,-87.667817,200
609712,HIRSCH HS,41.753748,-87.601727,104
609955,GRESHAM,41.73892,-87.645025,327
610226,SANDOVAL,41.792346,-87.710987,720
610107,OTIS,41.891806,-87.665426,346
609811,BRIGHT,41.699726,-87.562084,200
609794,EDISON,41.971506,-87.709304,266
609977,WOODLAWN,41.773366,-87.594392,167
609961,NINOS HEROES,41.743753,-87.551862,276
609830,BRUNSON,41.897663,-87.765606,433
609680,PAYTON HS,41.901575,-87.635385,1260
610323,BOWEN HS,41.734627,-87.55755,169
609968,MCAULIFFE,41.914816,-87.723931,560
609738,LINCOLN PARK HS,41.918268,-87.646009,2096
610367,DEPRIEST,41.877979,-87.766298,480
400043,HOPE LEARNING ACADEMY,41.883362,-87.668077,0
609960,HALE,41.780192,-87.776579,770
610141,RAVENSWOOD,41.960746,-87.670922,504
609766,VAUGHN HS,41.960364,-87.764663,212
610568,PATHWAYS - AVONDALE HS,41.939433,-87.705206,290
610308,RUDOLPH,41.883568,-87.669477,97
609819,BURKE,41.79676,-87.616141,246
610282,MCNAIR,41.897819,-87.746731,323
610052,MANN,41.748274,-87.574816,267
609730,SENN HS,41.989029,-87.667136,1449
610070,MCPHERSON,41.967847,-87.676288,738
610564,DISNEY II HS,41.952488,-87.721364,742
400178,MOVING EVEREST,41.888259,-87.755281,767
609704,FARRAGUT HS,41.84856,-87.708706,488
400069,POLARIS,41.89255,-87.707796,355
400047,LEARN - CAMPBELL,41.877861,-87.698739,358
610099,NORWOOD PARK,41.988153,-87.802979,325
610133,WARD L,41.893236,-87.718797,259
610013,PILSEN,41.858849,-87.662209,226
610122,PEIRCE,41.983456,-87.66585,1099
609883,DENEEN,41.76249,-87.623345,458
610037,LIBBY,41.797685,-87.659933,249
609987,HENDRICKS,41.815788,-87.633664,181
610300,WESTCOTT,41.748868,-87.634751,395
610290,MAYS,41.772727,-87.637277,239
609986,HENDERSON,41.790591,-87.671887,231
610571,OMBUDSMAN - WEST HS,41.874673,-87.687842,139
610269,MCCUTCHEON,41.970949,-87.654758,344
610032,GREEN,41.719292,-87.6525,302
609759,CLEMENTE HS,41.902626,-87.686906,744
609832,BYRNE,41.795031,-87.791544,580
609945,GOUDY,41.975817,-87.657912,512
610051,NORTHWEST,41.920555,-87.757854,506
610208,LAVIZZO,41.696262,-87.627148,329
400151,LEARN - 7,41.88741,-87.701397,151
400060,AHS - PASSAGES,41.983371,-87.67116,355
609734,TAFT HS,41.982961,-87.791547,4218
610183,SPENCER,41.884876,-87.750445,388
610000,HOWE,41.893612,-87.759398,354
610130,PIRIE,41.74034,-87.607891,182
609971,HARVARD,41.757341,-87.632737,357
609764,JUAREZ HS,41.852667,-87.663732,1531
610541,LORCA,41.940026,-87.724783,611
610171,MIRELES,41.731717,-87.552788,451
400128,YCCS - CCA ACADEMY,41.864943,-87.723662,65
610347,CLAREMONT,41.777511,-87.681061,330
609899,EBINGER,42.004408,-87.81117,695
610138,PULASKI,41.918486,-87.683801,840
609872,PEREZ,41.856029,-87.65798,301
610235,YOUNG ES,41.906791,-87.767143,395
609857,CLEVELAND,41.952042,-87.706443,463
400086,URBAN PREP - ENGLEWOOD HS,41.781498,-87.634357,97
610199,COLEMON,41.677505,-87.658111,178
610142,RAY,41.792348,-87.594752,588
609956,GRIMES,41.775464,-87.758803,368
610033,LASALLE,41.9139,-87.637565,491
610106,PICCOLO,41.90014,-87.731261,642
609894,DRAKE,41.844043,-87.628553,300
609795,CLARK ES,41.867813,-87.770418,139
609786,AVALON PARK,41.748247,-87.591654,189
610315,WHITE,41.672309,-87.650539,126
400111,LEARN - PERKINS,41.743122,-87.665721,479
610592,ENGLEWOOD STEM HS,41.770251,-87.639061,602
610148,CHAVEZ,41.807143,-87.666037,783
609836,CANTY,41.948007,-87.829296,807
610227,WHITNEY,41.84008,-87.725546,585
610067,MCKAY,41.768143,-87.691787,613
610213,WADSWORTH,41.773478,-87.601018,470
609896,DRUMMOND,41.915914,-87.674495,336
610547,SOUTH SHORE INTL HS,41.758792,-87.576353,566
609679,PROSSER HS,41.920059,-87.761048,1168
400044,KIPP - ASCEND,41.85837,-87.721071,946
609879,DAWES,41.745078,-87.717353,943
609875,DARWIN,41.923323,-87.705413,491
609880,DECATUR,42.009289,-87.704619,330
610363,DISNEY,41.956816,-87.646083,1416
610394,UPLIFT HS,41.965547,-87.652473,151
610175,SHOESMITH,41.804294,-87.593905,308
609898,EBERHART,41.77442,-87.707953,1003
610503,FRAZIER PROSPECTIVE,41.86698,-87.727244,133
610086,MOUNT VERNON,41.701952,-87.647652,240
400137,LITTLE BLACK PEARL HS,41.809695,-87.59934,77
400035,CHICAGO MATH & SCIENCE HS,42.013031,-87.674818,617
400125,YCCS - ASPIRA PANTOJA,41.938187,-87.727137,196
610087,BLAIR,41.776556,-87.790604,253
609834,LITTLE VILLAGE,41.843698,-87.717319,564
610046,LYON,41.934192,-87.777174,988
610178,SCHMID,41.716989,-87.596932,176
400106,NOBLE - JOHNSON HS,41.778369,-87.635117,460
400092,CICS - BOND,41.653663,-87.605039,259
609921,TELPOCHCALLI,41.847947,-87.696006,224
400181,ART IN MOTION,41.760034,-87.583328,562
610193,NEW SULLIVAN,41.743829,-87.542928,418
609694,HANCOCK HS,41.791464,-87.72447,1028
400126,YCCS - ASSOCIATION HOUSE,41.901572,-87.70686,89
609893,DORE,41.77382587,-87.79974193,735
610188,DUNNE,41.696496,-87.639974,202
610202,TILTON,41.884102,-87.730566,236
609861,CLISSOLD,41.693026,-87.680897,477
609750,SIMPSON HS,41.864365,-87.668722,22
609678,JONES HS,41.873066,-87.627675,1964
609926,FRANKLIN,41.9066,-87.635513,360
610021,CASALS,41.904503,-87.714234,368
609918,FIELD,42.009664,-87.669985,154
610062,MIÃ‘OSO,41.829993,-87.641103,314
610029,LOZANO,41.908886,-87.665093,242
610597,VIRTUAL ACADEMY HS,41.8627144,-87.6601387,212
609733,SULLIVAN HS,42.002688,-87.669192,719
609979,HEALY,41.839595,-87.640341,1206
610157,SAWYER,41.797498,-87.705006,919
610026,KINZIE,41.789965,-87.779483,672
610249,TALMAN,41.794048,-87.690261,344
610055,FARADAY,41.879714,-87.708092,152
610228,WHITTIER,41.850481,-87.673392,177
609674,CHICAGO VOCATIONAL HS,41.737174,-87.573268,575
609817,BUDLONG,41.975754,-87.696556,729
400080,ACERO - TORRES,41.8082,-87.73045,544
609737,VON STEUBEN HS,41.973185,-87.713386,1670
609835,CAMERON,41.903792,-87.717927,612
400075,U OF C - DONOGHUE,41.827726,-87.608501,521
610405,SUDER,41.883215,-87.677636,465
610068,HANSON PARK,41.923955,-87.761515,1131
610523,EDISON PARK,41.994238,-87.813771,428
610402,DEVRY HS,41.941388,-87.690761,131
610543,SOLORIO HS,41.795201,-87.711059,1225
610312,MCDOWELL,41.733132,-87.589589,115
400123,YCCS - SCHOLASTIC ACHIEVEMENT,41.880447,-87.742539,111
610027,KIPLING,41.723627,-87.639521,223
610184,SPRY ES,41.847747,-87.700184,303
609756,CURIE HS,41.80306,-87.722042,2909
609740,WELLS HS,41.898995,-87.667483,335
610117,PASTEUR,41.786895,-87.732666,627
610132,POE,41.70263,-87.606419,229
610128,GARVEY,41.706603,-87.647577,239
609997,HOLMES,41.793788,-87.649795,123
400027,CICS - IRVING PARK,41.950891,-87.710492,510
400031,CICS - WRIGHTWOOD,41.745365,-87.692614,613
609963,HAMILTON,41.94522,-87.670865,481
610217,WARD J,41.84398,-87.635356,498
610352,DURKIN PARK,41.738844,-87.729955,675
610223,WENTWORTH,41.765076,-87.658205,383
610203,MONARCAS,41.787523,-87.708179,802
400124,YCCS - MCKINLEY,41.841331,-87.625331,92
610534,SKINNER NORTH,41.905109,-87.644841,512
610600,New Bronzeville & Englewood HS,41.809179,-87.730473,4
400089,ACERO - MARQUEZ,41.808309,-87.697394,518
609937,GARVY,41.976352,-87.796235,742
610350,BLACK,41.729692,-87.576643,356
609947,GRAHAM ES,41.813304,-87.643344,299
609755,YOUNG HS,41.878603,-87.664233,2218
609855,CHRISTOPHER,41.801659,-87.685607,306
609876,DAVIS N,41.821852,-87.700202,522
609869,LANGFORD,41.784681,-87.657169,179
610034,LAWNDALE,41.86296,-87.712957,185
610369,JACKSON M,41.734125,-87.646767,309
610125,RUIZ,41.848101,-87.680745,441
609777,ARMOUR,41.833854,-87.650653,241
610102,OGLESBY,41.75467,-87.645469,274
610191,STONE,41.995359,-87.684793,554
610004,CULLEN,41.700335,-87.611244,168
609749,NORTHSIDE PREP HS,41.981315,-87.708708,1033
609922,BELMONT-CRAGIN,41.92095,-87.757343,524
609745,SOUTHSIDE HS,41.759852,-87.675947,368
610153,RYDER,41.735379,-87.638843,359
609716,KELVYN PARK HS,41.927918,-87.735999,476
610044,LOWELL,41.90652,-87.710217,305
609705,FENGER HS,41.689951,-87.637572,206
400084,ACERO - TAMAYO,41.79993,-87.693862,269
610017,SAUCEDO,41.847941,-87.697316,855
610015,JUNGMAN,41.858065,-87.652302,291
609935,GALLISTEL,41.706801,-87.535175,605
610256,ROBINSON,41.817349,-87.599067,112
609719,LAKE VIEW HS,41.954764,-87.668953,1404
610207,VANDERPOEL,41.720817,-87.665559,237
609865,JORDAN,42.017088,-87.677763,517
609708,FOREMAN HS,41.939797,-87.754167,601
610173,SHERWOOD,41.7908,-87.632279,211
609713,HYDE PARK HS,41.782257,-87.586615,809
610291,LEE,41.775305,-87.728884,578
400029,CICS - WASHINGTON PARK,41.783617,-87.622068,458
610112,PARKER,41.77078,-87.634086,357
610219,WASHINGTON G ES,41.688131,-87.536015,615
400120,ACERO - CLEMENTE,41.917952,-87.78783,464
610539,CAMRAS,41.934931,-87.770127,720
609849,CASSELL,41.687347,-87.703215,352
400165,LEARN - MIDDLE,41.887413,-87.702704,187
610109,OWEN,41.74285,-87.705749,275
609972,HAUGAN,41.964029,-87.723128,980
610257,MORTON,41.889178,-87.705108,208
400130,YCCS - YOUTH DEVELOPMENT,41.751377,-87.641731,79
400061,PERSPECTIVES - LEADERSHIP HS,41.745961,-87.652045,834
609827,BURNSIDE,41.728481,-87.607435,286
400011,LOCKE A,41.877248,-87.705235,371
610276,MOLLISON,41.814358,-87.616618,235
400026,CICS - LOOMIS,41.720246,-87.657561,351
609806,BRADWELL,41.754365,-87.557142,412
610355,COURTENAY,41.962308,-87.663853,299
610100,WEST PARK,41.906907,-87.732443,423
610120,PECK,41.787899,-87.719216,752
609753,CHICAGO AGRICULTURE HS,41.691221,-87.71777,767
610362,EVERS,41.715665,-87.639305,203
609976,HAYT,41.994541,-87.668504,843
400101,ACERO - CISNEROS,41.822884,-87.693996,354
609725,MORGAN PARK HS,41.692035,-87.665658,1162
609867,COOPER,41.856031,-87.667227,408
609909,EVERETT,41.831555,-87.68131,99
609718,KENNEDY HS,41.789961,-87.78084,1589
609792,BATEMAN,41.95822,-87.702151,897
609993,LARA,41.80977,-87.672182,331
609908,ESMOND,41.68942,-87.669159,255
609839,CARROLL,41.742517,-87.696012,405
610518,AUSTIN CCA HS,41.885993,-87.761916,168
400146,KIPP - ACADEMY,41.891816,-87.746614,669
609710,HARLAN HS,41.718372,-87.620623,201
610212,ALBANY PARK,41.971504,-87.710609,226
610131,PLAMONDON,41.860259,-87.692526,84
610357,SPRY HS,41.847762,-87.698946,62
400028,CICS - PRAIRIE,41.684433,-87.616888,419
610165,SCHUBERT,41.930403,-87.76119,552
400118,NOBLE - DRW HS,41.869328,-87.711654,364
400068,PLATO,41.87276,-87.763337,183
610295,HIGGINS,41.681031,-87.646994,276
610103,OKEEFFE,41.768602,-87.572806,495
609924,FORT DEARBORN,41.729673,-87.655481,308
609676,DUNBAR HS,41.840226,-87.617637,370
609981,HEARST,41.808175,-87.745726,302
610177,SKINNER,41.879103,-87.659419,1048
610143,REAVIS,41.804174,-87.604925,268
610167,SEWARD,41.810333,-87.668772,413
610155,SAUGANASH,41.991169,-87.745951,663
610147,ROGERS,42.015265,-87.697185,718
609939,GILLESPIE,41.725332,-87.623719,343
400058,NLCP - CHRISTIANA HS,41.858564,-87.708987,315
400170,NOBLE - ACADEMY HS,41.906879,-87.645577,521
400172,ASPIRA - BUSINESS & FINANCE HS,41.935726,-87.718204,497
610047,MADISON,41.759548,-87.590712,210
610216,WALSH,41.854836,-87.648086,246
400049,LEGACY,41.856859,-87.730348,454
610529,OGDEN HS,41.893548,-87.659405,509
609829,BURROUGHS,41.828868,-87.692457,307
610590,BRONZEVILLE CLASSICAL,41.819249,-87.626621,423
400156,NOBLE - BUTLER HS,41.706667,-87.602573,636
610048,MANIERRE,41.908247,-87.639827,280
610396,TARKINGTON,41.764407,-87.706445,851
400032,CICS - ELLISON HS,41.748382,-87.66898,220
609788,BARNARD,41.705131,-87.658074,245
610542,WEST RIDGE,42.002959,-87.705917,618
610559,SHIELDS MIDDLE,41.806491,-87.68978,372
609720,LANE TECH HS,41.946645,-87.691013,4519
400144,YCCS - WEST,41.90224,-87.74881,61
400159,CHRISTOPHER HOUSE,41.922181,-87.757522,426
609873,CROWN,41.852663,-87.71247,107
610342,SABIN,41.906816,-87.68305,349
400169,NOBLE - ITW SPEER HS,41.92563,-87.769808,1091
610073,MITCHELL,41.892082,-87.683185,385
610172,SHERMAN,41.799766,-87.650221,203
400121,ACERO - DE LA CRUZ,42.016476,-87.684406,501
609907,ERICSON,41.875744,-87.715804,315
609723,MARSHALL HS,41.878444,-87.70805,168
610274,JOHNSON,41.861836,-87.703139,207
610098,NOBEL,41.906155,-87.729955,597
609983,HEDGES,41.807112,-87.673327,475
400091,CHICAGO TECH HS,41.863301,-87.659095,392
610569,OMBUDSMAN - NORTHWEST HS,42.017171,-87.806682,229
400053,NOBLE - GOLDER HS,41.895282,-87.664483,647
610385,MULTICULTURAL ARTS HS,41.835282,-87.735283,252
609715,KELLY HS,41.818729,-87.694639,1694
610287,ASHBURN,41.742351,-87.70961,328
609729,SCHURZ HS,41.946365,-87.735612,1199
609800,BENNETT,41.710435,-87.61739,265
610039,VON LINNE,41.940009,-87.702635,674
400013,ASPIRA - EARLY COLLEGE HS,41.937298,-87.727096,257
609964,HAMLINE,41.807242,-87.661175,571
610197,TALCOTT,41.892405,-87.673723,467
609779,ARMSTRONG G,42.01015,-87.684442,1248
609862,COLES,41.741413,-87.56597,251
610513,AIR FORCE HS,41.828145,-87.632757,119
609856,CLAY,41.654558,-87.544614,586
610005,HUGHES C,41.860518,-87.731777,154
610389,ORR HS,41.894449,-87.726166,210
609949,GRAY,41.948764,-87.757116,993
610548,STEM,41.868576,-87.664969,403
609897,EARLE,41.781225,-87.675547,266
400116,MONTESSORI ENGLEWOOD,41.774572,-87.676147,342
610254,DVORAK,41.858883,-87.715744,276
400167,HORIZON - SOUTHWEST,41.795201,-87.683963,764
609975,HAY,41.899171,-87.755813,254
609870,CORKERY,41.845602,-87.731193,406
610194,SUMNER,41.870828,-87.733524,200
609833,DAISY BATES,41.739226,-87.580729,212
400131,YCCS - CAMPOS,41.90285,-87.696006,128
609692,SIMEON HS,41.745781,-87.63541,1077
610022,KILMER,42.00364,-87.668222,779
400082,ACERO - FUENTES,41.937476,-87.699594,397
610036,LEWIS,41.906826,-87.75455,406
400025,CICS - BUCKTOWN,41.922415,-87.681358,544
400117,NOBLE - HANSBERRY HS,41.734442,-87.650987,514
609803,BLAINE,41.950781,-87.664968,627
610002,HOYNE,41.733338,-87.568228,247
610077,MORRILL,41.784313,-87.688549,496
400161,CHICAGO COLLEGIATE,41.679318,-87.617968,242
610081,SHERIDAN,41.8444,-87.64134,530
610230,WILDWOOD,42.007491,-87.778345,496
609722,MANLEY HS,41.870939,-87.699896,79
610060,CHICAGO WORLD LANGUAGE ACADEMY,41.8743,-87.660985,453
610201,THORP O,41.948571,-87.777631,824
400094,EPIC HS,41.744849,-87.550222,266
609760,CARVER MILITARY HS,41.65629,-87.59062,411
610515,DISNEY II ES,41.950461,-87.730678,431
400033,CICS - LONGWOOD,41.721221,-87.655768,1216
609973,ZAPATA,41.841394,-87.734313,521
609682,RICHARDS HS,41.802881,-87.662278,277
610124,WASHINGTON H ES,41.728534,-87.596257,235
610339,STAGG,41.758925,-87.649217,391
610010,JAHN,41.939247,-87.67581,315
610196,SWIFT,41.989139,-87.658296,595
610380,WILLIAMS HS,41.806118,-87.62503,79
609844,CARTER,41.789828,-87.622453,278
400034,CICS - NORTHTOWN HS,41.990245,-87.726504,837
610504,THOMAS,41.827775,-87.677542,130
610279,TANNER,41.760673,-87.606791,249
609912,FARNSWORTH,41.97979,-87.766072,505
400115,CATALYST - MARIA,41.770992,-87.693075,544
610524,ALCOTT HS,41.935795,-87.680562,371
609863,COLUMBUS,41.899566,-87.681938,273
609943,OWENS,41.670618,-87.622546,332
609748,YORK HS,41.842533,-87.695261,166
610299,KING ES,41.765335,-87.641335,229
609874,DIRKSEN,41.973715,-87.841041,1196
609810,BRIDGE,41.949114,-87.798669,1102
610329,OROZCO,41.857755,-87.67521,268
609780,MARINE LEADERSHIP AT AMES HS,41.916045,-87.721742,631
610589,SOR JUANA,41.789597,-87.72638,489
610054,MARSH,41.716588,-87.552483,611
609978,SMITH,41.707558,-87.60466,361
609746,KENWOOD HS,41.803772,-87.590421,2285
400149,ACERO - SOTO HS,41.801762,-87.711025,564
610565,EXCEL ENGLEWOOD HS,41.763896,-87.649124,205
400017,ASPIRA - HAUGAN,41.966406,-87.721825,83
610340,CHICAGO ACADEMY HS,41.943054,-87.776847,556
609941,RANDOLPH,41.760614,-87.675966,294
400105,URBAN PREP - BRONZEVILLE HS,41.831118,-87.613629,170
609917,FERNWOOD,41.711184,-87.640414,257
609812,BROWN W,41.882997,-87.670682,272
609808,HALEY,41.68666,-87.633632,449
610092,NASH,41.89181,-87.747936,264
610074,MONROE,41.929989,-87.719224,631
610334,RABY HS,41.88621,-87.715423,150
609928,FULLER,41.818003,-87.611784,293
400104,INSTITUTO - HEALTH,41.845967,-87.68724,545
610003,CUFFE,41.742452,-87.653633,239
609774,ALCOTT ES,41.92985,-87.646413,572
610065,TILL,41.775424,-87.609357,325
610250,SALAZAR,41.901417,-87.633632,365
400107,LEARN - SOUTH CHICAGO,41.733333,-87.54558,408
610234,YATES,41.915039,-87.70028,315
610533,PRIETO,41.921318,-87.765781,750
610195,SUTHERLAND,41.711445,-87.676821,631
610094,NETTELHORST,41.941637,-87.644561,647
609900,CURTIS,41.685418,-87.621653,316
400030,CICS - WEST BELDEN,41.921687,-87.776749,519
609851,CHALMERS,41.866435,-87.695259,226
400054,NOBLE - PRITZKER HS,41.915214,-87.730127,992
609809,BRENTANO,41.930966,-87.696294,732
610544,AZUELA,41.771079,-87.73992,697
610252,DETT,41.87987,-87.680315,285
609728,ROOSEVELT HS,41.964828,-87.714819,1074
610242,BRENNEMANN,41.959984,-87.649749,469
610368,HUGHES L,41.705342,-87.629869,426
400077,U OF C - WOODLAWN HS,41.77813,-87.598114,599
610016,KELLOGG,41.725263,-87.677233,289
609789,BARRY,41.932511,-87.739388,476
610209,VOLTA,41.971634,-87.724605,744
400052,NOBLE - COMER,41.764083,-87.601974,1034
400168,GREAT LAKES,41.742671,-87.559907,536
610596,VIRTUAL ACADEMY ES,41.8627144,-87.6601387,235
610083,BEARD,41.970125,-87.78963,348
609852,CHAPPELL,41.975894,-87.683264,566
400056,NOBLE - ROWE CLARK HS,41.895362,-87.718047,340
609783,JEFFERSON HS,41.867832,-87.680418,173
610158,SAYRE,41.914151,-87.798721,400
609995,HITCH,41.983672,-87.779123,502
400071,PROVIDENCE ENGLEWOOD,41.775367,-87.663996,455
609930,FUNSTON,41.917617,-87.716892,423
610557,PATHWAYS - ASHBURN HS,41.735239,-87.70406,257
610563,BACK OF THE YARDS HS,41.808413,-87.677541,1000
610152,RUGGLES,41.751946,-87.618066,314
610082,MOUNT GREENWOOD,41.695734,-87.70581,1153
610096,NIGHTINGALE,41.797714,-87.689139,954
609990,SOUTH LOOP,41.859741,-87.628349,830
610573,SAFE ACHIEVE HS,41.753115,-87.551804,32
610381,BRONZEVILLE HS,41.805204,-87.625004,103
400141,YCCS - TRUMAN,41.965295,-87.659239,168
400021,CATALYST - CIRCLE ROCK,41.882322,-87.765322,504
400059,NLCP - COLLINS HS,41.864146,-87.700681,352
610304,PHOENIX MILITARY HS,41.879118,-87.68696,404
609996,HOLDEN,41.838027,-87.653792,421
610040,LLOYD,41.918814,-87.748515,808
400157,NOBLE - BAKER HS,41.734622,-87.556201,237
610225,WHISTLER,41.683907,-87.655384,251
400076,U OF C - NKO,41.811183,-87.598786,325
610386,PEACE AND EDUCATION HS,41.803515,-87.667378,135
609769,GRAHAM HS,41.849675,-87.625315,255
610244,CLARK HS,41.872885,-87.753325,391
400163,KIPP - BLOOM,41.793556,-87.639967,919
610200,THORP J,41.733324,-87.54428,315
609793,NICHOLSON,41.784942,-87.647453,439
609815,BOUCHET,41.760847,-87.576075,639
609884,DEVER,41.942552,-87.813132,747
610588,RICHARDSON,41.783826,-87.725422,840
609919,FISKE,41.785183,-87.608633,378
400162,INTRINSIC HS,41.938988,-87.741129,941
609944,GRISSOM,41.662481,-87.553307,290
610599,CATALPA,41.9759599,-87.7663557,177
400133,YCCS - INNOVATIONS,41.883047,-87.627734,426
609691,NORTH-GRAND HS,41.911674,-87.735238,1045
609891,DOOLITTLE,41.831121,-87.612275,261
609739,WASHINGTON HS,41.688137,-87.53757,1481
610561,CRANE MEDICAL HS,41.876947,-87.683301,266
609796,BEAUBIEN,41.972394,-87.757565,1019
610215,MADERO,41.840957,-87.705064,247
610271,JENSEN,41.873815,-87.702241,255
400064,PERSPECTIVES - JOSLIN HS,41.855999,-87.628531,327
609988,HENRY,41.958989,-87.715632,429
400135,YCCS - LATINO YOUTH,41.854665,-87.69543,155
400009,GLOBAL CITIZENSHIP,41.807579,-87.740097,474
610091,BROWN R,41.664873,-87.638958,285
609864,COOK,41.745237,-87.659775,276
610041,LOCKE J,41.931762,-87.795604,1126
609954,GREGORY,41.870742,-87.718666,233
610532,HERNANDEZ,41.793479,-87.71137,750
610218,WARREN,41.726763,-87.575353,277
610116,PARKSIDE,41.768555,-87.582954,243
400164,INSTITUTO - JUSTICE HS,41.845957,-87.685903,42
609895,TURNER-DREW,41.725609,-87.630164,193
610104,ONAHAN,41.99379,-87.793108,645
609850,GREELEY,41.95281,-87.65098,428
610076,MOOS,41.912505,-87.696941,454
609950,ORTIZ DE DOMINGUEZ,41.838791,-87.71719,396
610595,FISHER,41.916008,-87.634637,126
610011,JAMIESON,41.984641,-87.700529,802
400081,ACERO - DE LAS CASAS,41.859504,-87.667949,218
400062,PERSPECTIVES - TECH HS,41.745949,-87.650657,404
400024,CICS - BASIL,41.794043,-87.670243,481
610137,PRUSSING,41.965619,-87.772414,659
610392,WORLD LANGUAGE HS,41.834397,-87.735292,327
400079,ACERO - ZIZUMBO,41.810135,-87.730495,533
610594,PATHWAYS - HUMBOLDT PARK HS,41.902841,-87.687946,153
610139,PULLMAN,41.688819,-87.609431,311
610110,WELLS ES,41.827355,-87.61978,328
609762,JULIAN HS,41.705859,-87.653749,466
610239,DALEY,41.802343,-87.672206,499
610053,MARQUETTE,41.773881,-87.69703,1006
610146,REVERE,41.764196,-87.600177,189
400057,NOBLE - UIC HS,41.865817,-87.676111,935
610570,OMBUDSMAN - SOUTH HS,41.783027,-87.683635,205
610056,MASON,41.856864,-87.731672,243
610198,TAYLOR,41.71547,-87.532971,325
609885,DEWEY,41.795646,-87.642652,258
609853,CHASE,41.917993,-87.694562,390
609798,BELDING,41.958938,-87.73402,550
400046,LEARN - BUTLER,41.867273,-87.710679,488
610121,IRVING,41.871595,-87.683616,269
400153,ACERO - BRIGHTON PARK,41.813109,-87.693238,464
609866,COONLEY,41.955553,-87.683765,772
400179,NOBLE - MANSUETO HS,41.800136,-87.728003,1068
609772,ADDAMS,41.698739,-87.532976,529
609773,TUBMAN,41.934126,-87.656229,279
609848,ALDRIDGE,41.657405,-87.606474,232
400136,YCCS - OLIVE HARVEY,41.712922,-87.592333,126
609966,HAMMOND,41.852719,-87.696243,222
609732,STEINMETZ HS,41.935634,-87.783515,1150
609925,KELLMAN,41.870168,-87.702163,191
609902,METCALFE,41.669444,-87.634306,303
610136,PRESCOTT,41.928841,-87.669528,415
609901,EDGEBROOK,41.999437,-87.76184,500
400139,YCCS - SULLIVAN,41.746287,-87.578492,320
610237,BEETHOVEN,41.809135,-87.627137,325
610313,DE DIEGO,41.905294,-87.685756,524
609967,FINKL,41.849215,-87.685668,212
609859,CLINTON,41.992541,-87.69836,1033
610251,CATHER,41.88295,-87.699187,323
610108,OTOOLE,41.774571,-87.674865,271
609969,HARTE,41.793447,-87.586855,344
609790,BARTON,41.754194,-87.670927,392
610126,PERSHING,41.836527,-87.618338,398
609887,DIXON,41.743669,-87.609979,464
610354,NORTH RIVER,41.961721,-87.707151,294
400055,NOBLE - RAUNER HS,41.892425,-87.660859,599
610391,LINDBLOM HS,41.782041,-87.671662,1340
610305,LELAND,41.873587,-87.749276,292
610144,REILLY,41.941094,-87.719541,524
400050,NAMASTE,41.8257,-87.667724,362
610089,MURPHY,41.950078,-87.716832,489
610353,CALMECA,41.824377,-87.711654,623
609761,CORLISS HS,41.70666,-87.601216,273
610030,KOZMINSKI,41.798002,-87.602481,254
610383,SOCIAL JUSTICE HS,41.833507,-87.735299,294
609991,HERZL,41.862081,-87.718994,419
610231,NATIONAL TEACHERS,41.8528,-87.629308,759
609741,HUBBARD HS,41.780526,-87.718014,1666
400127,YCCS - AUSTIN CAREER,41.894976,-87.760221,0
609845,CARVER G,41.653702,-87.599516,461
610293,MELODY,41.878799,-87.724661,315
610206,TWAIN,41.799046,-87.758928,866
610384,INFINITY HS,41.836169,-87.735278,420
609903,EDWARDS,41.805542,-87.725856,1214
609695,AMUNDSEN HS,41.975067,-87.679484,1501
610366,WACKER,41.716193,-87.648044,220
610229,PRITZKER,41.907053,-87.677761,654
400114,ACERO - SANTIAGO,41.900344,-87.689896,220
609959,HAINES,41.849958,-87.633806,480
609842,CARSON,41.793272,-87.6878,748
610019,KERSHAW,41.776453,-87.640892,210
610059,MAYER,41.923204,-87.657287,701
400048,LEARN - EXCEL,41.874687,-87.686568,401
400022,CHIARTS HS,41.899377,-87.694945,601
609724,MATHER HS,41.987589,-87.702496,1679
610159,SCAMMON,41.941678,-87.732179,629
400112,ACERO - IDAR,41.801042,-87.708797,525
610220,WATERS,41.964165,-87.691433,655
610066,MCDADE,41.73455,-87.619214,219
609754,CHICAGO MILITARY HS,41.830555,-87.619216,213
609726,BROOKS HS,41.692763,-87.616353,971
400147,CHICAGO EXCEL HS,41.691953,-87.654248,223
400039,ERIE,41.906771,-87.694364,393
609985,HEFFERAN,41.878665,-87.735802,177
609871,VICK,41.688191,-87.685677,413
610090,MURRAY,41.798535,-87.59334,465
609820,BURLEY,41.937937,-87.669853,496
400066,PERSPECTIVES - MATH & SCI HS,41.827784,-87.624788,337
609813,BROWNELL,41.77162,-87.621746,128
609735,TILDEN HS,41.80751,-87.642966,221
609942,GOETHE,41.922831,-87.6929,723
400175,EXCEL SOUTH SHORE HS,41.759749,-87.556487,156
610317,BRIGHTON PARK,41.8239,-87.692077,283
609799,BELL,41.94953,-87.686018,848
609727,PHILLIPS HS,41.82388,-87.619796,381
610520,LASALLE II,41.902914,-87.673696,581
609821,BURNHAM,41.714402,-87.567131,414
610248,CHICAGO ACADEMY ES,41.943056,-87.778187,557
610499,COLLINS HS,41.864149,-87.702042,216
400097,NOBLE - BULLS HS,41.878809,-87.678195,1155
400134,YCCS - ADDAMS,41.857208,-87.644888,0
